{
    "banner": {
        "builder": true,
        "no_selection":true,
        "name": "Banner Section",
        "content": {
            "heading": "text",
            "subheading": "text"
        }
    },
    "feature": {
        "builder": true,
        "name": "Feature Section",
        "content": {
            "heading": "text",
            "subheading": "text"
        },
        "element": {
            "title": "text",
            "description": "textarea",
            "feature_icon": "icon",
            "modal": true
        }
    },
    "about": {
        "builder": true,
        "name": "About Us",
        "content": {
            "images":{
                "background_image":{
                    "size":"500x500",
                    "thumb":"100x100"
                },
                "about_image":{
                    "size":"500x500",
                    "thumb":"100x100"
                }
            },
            "heading": "text",
            "subheading": "text",
            "description": "textarea",
            "about_icon": "icon"
        }
    },
    "about_dark": {
        "builder": false,
        "name": "About Us Dark",
        "content": {

        }
    },
    "service": {
        "builder": true,
        "name": "Service Section",
        "content": {
            "select":{
                "name":"trx_type",
                "options":{
                  "deposit":"Deposit",
                  "withdraw":"Withdraw"
                }
            },
            "heading": "text",
            "subheading": "text"
        },
        "element": {
            "select":{
                "name":"trx_type",
                "options":{
                  "deposit":"Deposit",
                  "withdraw":"Withdraw"
                }
            },
            "service_icon": "icon",
            "title": "text",
            "description": "textarea",
            "modal": false
        }
    },
    "counter": {
        "builder": true,
        "name": "Counter Section",
        "content": {
            "heading": "text",
            "subheading": "text"
        },
        "element": {
            "title": "text",
            "counter_digit": "text",
            "sub_title": "text",
            "counter_icon": "icon",
            "counter_icon_2": "icon",
            "modal": true
        }
    },
    "policy_pages": {
        "builder": true,
        "no_selection":true,
        "name": "Policy Pages",
        "element": {
            "title": "text",
            "details": "textarea-nic",
            "modal": false
        }
    },
    "faq": {
        "builder": true,
        "name": "FAQ Section",
        "content": {
            "heading": "text",
            "subheading": "text"
        },
        "element": {
            "question": "text",
            "answer": "textarea-nic",
            "modal": false
        }
    },
    "blog": {
        "builder": true,
        "name": "Blog Section",
        "content": {
            "heading": "text",
            "subheading": "text"
        },
        "element": {
            "images":{
                "blog_image_1":{
                    "size":"728x465",
                    "thumb":"120x80"
                },
                "blog_image_2":{
                    "size":"728x465",
                    "thumb":"120x80"
                }
            },
            "title": "text",
            "description": "textarea",
            "description_nic": "textarea-nic",
            "blog_icon": "icon",
            "modal": false
        }
    },
    "subscribe": {
        "builder": true,
        "name": "Subscribe Section",
        "content": {
            "heading": "text",
            "subheading": "text"
        }
    },
    "social_icon": {
        "builder": true,
        "no_selection": true,
        "name": "Social Icons",
        "element": {
            "title": "text",
            "social_icon": "icon",
            "url": "text",
            "modal": false
        }
    },
    "contact_us": {
        "builder": true,
        "no_selection": true,
        "name": "Contact Us",
        "content": {
            "title": "text",
            "short_details": "text",
            "email_address": "text",
            "contact_details": "text",
            "contact_number": "text",
            "latitude": "text",
            "longitude": "text",
            "website_footer": "textarea-nic"
        }
    }
}
